insert into Doctors (DoctorId, DoctorName, DoctorSpecialization, DoctorExperience)
values (0, 'Лебедев Никита Ильич', 'Терапевт', '10 year'),
       (1, 'Беляев Демид Каримович', 'Педиатр, массажист', '5 year'),
       (2, 'Овсянникова Наталья Тимуровна', 'Офтальмолог', '3 year'),
       (3, 'Соловьев Артём Владимирович', 'Стоматолог', '6 year'),
       (4, 'Кондратьева Юлия Данииловна', 'Онколог', '11 year'),
       (5, 'Игнатьева Варвара Всеволодовна', 'Акушер-гинеколог', '2 year');
       (6, 'Сидоров Алексей Дмитриевич', 'Кардиолог', '8 years'),
       (7, 'Никитина Ольга Петровна', 'Невролог', '4 years'),
       (8, 'Громов Сергей Анатольевич', 'Хирург', '12 years'),
       (9, 'Зайцева Татьяна Валерьевна', 'Эндокринолог', '7 years'),
       (10, 'Федоров Игорь Владимирович', 'Лор', '5 years'),
       (11, 'Кузнецова Мария Сергеевна', 'Дерматолог', '3 years'),
       (12, 'Морозов Роман Викторович', 'Психиатр', '9 years'),
       (13, 'Петрова Анастасия Александровна', 'Аллерголог', '6 years'),
       (14, 'Семенов Артем Сергеевич', 'Ревматолог', '4 years'),
       (15, 'Лебедев Николай Ильич', 'Травматолог', '10 years'),
       (16, 'Ковалёв Дмитрий Викторович', 'Гастроэнтеролог', '5 years'),
       (17, 'Савельева Екатерина Андреевна', 'Уролог', '3 years'),
       (18, 'Фролов Максим Артемович', 'Сосудистый хирург', '11 years'),
       (19, 'Мельникова Вероника Игоревна', 'Неонатолог', '2 years'),
       (20, 'Шевченко Владислав Петрович', 'Инфекционист', '7 years'),
       (21, 'Григорьева Анастасия Михайловна', 'Гериатр', '9 years'),
       (22, 'Тихонов Степан Николаевич', 'Пульмонолог', '6 years'),
       (23, 'Давыдов Тимур Романович', 'Сексолог', '4 years'),
       (24, 'Калинина Елена Юрьевна', 'Спортивный врач', '8 years'),
       (25, 'Трофимова Олеся Вячеславовна', 'Микробиолог', '3 years'),
       (26, 'Сидорова Анастасия Игоревна', 'Логопед', '5 years'),
       (27, 'Борисов Николай Петрович', 'Физиотерапевт', '10 years'),
       (28, 'Киселёв Роман Викторович', 'Гематолог', '6 years'),
       (29, 'Морозова Татьяна Валерьевна', 'Косметолог', '4 years'),
       (30, 'Иванов Артем Сергеевич', 'Анестезиолог', '8 years'),
       (31, 'Фёдоров Максим Андреевич', 'Нарколог', '2 years'),
       (32, 'Лебедев Илья Владимирович', 'Токсиколог', '7 years'),
       (33, 'Семенова Дарья Валерьевна', 'Патологоанатом', '11 years'),
       (34, 'Громова Инна Борисовна', 'Судебно-медицинский эксперт', '9 years'),
       (35, 'Захаров Владислав Олегович', 'Радиолог', '5 years'),
       (36, 'Кузьмина Дарья Владимировна', 'Эпидемиолог', '3 years'),
       (37, 'Николаев Андрей Викторович', 'Массажист-реабилитолог', '6 years'),
       (38, 'Савельев Роман Александрович', 'Диетолог', '8 years'),
       (39, 'Панфилова Виктория Алексеевна', 'Педиатр-невролог', '4 years'),
       (40, 'Ширяева Лилия Станиславовна', 'Психотерапевт', '10 years'),
       (41, 'Беляева Татьяна Анатольевна', 'Ортопед', '5 years'),
       (42, 'Дмитриев Сергей Валерьевич', 'Нейрохирург', '12 years'),
       (43, 'Калинин Игорь Николаевич', 'Фтизиатр', '7 years'),
       (44, 'Тихонова Светлана Андреевна', 'Стоматолог-ортопед', '3 years'),
       (45, 'Ларина Ольга Александровна', 'Гинеколог-эндокринолог', '6 years'),
       (46, 'Борисова Анна Михайловна', 'Реабилитолог', '2 years'),
       (47, 'Овсянникова Наталья Тимуровна', 'Медицинский генетик', '9 years'),
       (48, 'Зайцев Илья Сергеевич', 'Судебно-медицинский эксперт-криминалист', '11 years'),
       (49, 'Алексеева Полина Викторовна', 'Специалист по медицинскому праву', '8 years'),
       (50, 'Нестерова Ксения Владимировна', 'Клинический фармаколог', '5 years');
insert into Clinics (ClinicId, ClinicAddress, ClinicPhoneNumber, ClinicRating)
values (0, 'Автобусная ул., 5Б', '+78125198643', 4.9),
       (1, 'Жени Егоровой ул., 1', '+78123650985', 3.1 ),
       (2, 'Жилой Городок, 4', '+78127754853', 5.0),
       (3, 'Литейный пр., 56Б', '+78120236176', 4.1);

insert into Patients (PatientId, PatientFullName, PatientBirthday, PatientPhoneNumber, MainClinicId)
values (0, 'Попова Александра Львовна', '1999-01-18 00:00:00', '+76102545390', 0),
       (1, 'Ушакова Мария Артёмовна', '1987-09-08 00:00:00', '+78314454495', 1),
       (2, 'Ильин Арсений Тимофеевич', '1959-07-04 00:00:00', '+79632832017', 0),
       (3, 'Попова Полина Семёновна', '1981-05-31 00:00:00', '+76159953028', 3),
       (4, 'Михайлов Роман Евгеньевич', '2001-01-31 00:00:00', '+78389665087', 3),
       (5, 'Титова Анна Львовна', '2000-03-01 00:00:00', '+7617223938', 2),
       (6, 'Суслов Матвей Янович', '2012-02-02 00:00:00', '+73727552391', 2),
       (7, 'Орехов Даниил Алексеевич', '2020-06-20 00:00:00', '+7884861132', 1),
       (8, 'Исаев Степан Тимурович', '2015-05-25 00:00:00', '+71574120493', 0),
       (9, 'Шилова Ксения Максимовна', '1998-04-28 00:00:00', '+7780171360', 3);
       (10, 'Сидорова Наталья Викторовна', '1995-03-15 00:00:00', '+79001234567', 2),
       (11, 'Кузнецов Алексей Игоревич', '1988-12-01 00:00:00', '+79123456789', 1);
       (12, 'Смирнова Анна Викторовна', '1990-01-10 00:00:00', '+79001112233', 1),
       (13, 'Ковалёв Сергей Иванович', '1985-02-20 00:00:00', '+79002223344', 2),
       (14, 'Петрова Ольга Александровна', '1992-03-30 00:00:00', '+79003334455', 1),
       (15, 'Сидоров Дмитрий Сергеевич', '1988-04-15 00:00:00', '+79004445566', 3),
       (16, 'Фёдоров Максим Андреевич', '1993-05-25 00:00:00', '+79005556677', 2),
       (17, 'Морозова Татьяна Валерьевна', '1995-06-05 00:00:00', '+79006667788', 1),
       (18, 'Григорьев Алексей Павлович', '1987-07-12 00:00:00', '+79007778899', 3),
       (19, 'Лебедева Екатерина Николаевна', '1994-08-21 00:00:00', '+79008889900', 2),
       (20, 'Семенов Игорь Олегович', '1986-09-30 00:00:00', '+79009990011', 1),
       (21, 'Захарова Анастасия Сергеевна', '1991-10-11 00:00:00', '+79010001122', 3),
       (22, 'Кузьмина Дарья Владимировна', '1989-11-22 00:00:00', '+79011112233', 2),
       (23, 'Киселёв Роман Викторович', '1990-12-02 00:00:00', '+79012223344', 1),
       (24, 'Тихонов Андрей Александрович', '1992-01-15 00:00:00', '+79013334455', 3),
       (25, 'Николаева Светлана Михайловна', '1984-02-28 00:00:00', '+79014445566', 2),
       (26, 'Сергеев Павел Артёмович', '1987-03-19 00:00:00', '+79015556677', 1),
       (27, 'Иванова Ксения Борисовна', '1993-04-09 00:00:00', '+79016667788', 3),
       (28, 'Борисов Николай Петрович', '1985-05-30 00:00:00', '+79017778899', 2),
       (29, 'Савельева Юлия Андреевна', '1994-06-15 00:00:00', '+79018889900', 1),
       (30, 'Фролов Денис Игоревич', '1986-07-25 00:00:00', '+79019990011', 3),
       (31, 'Громова Инна Валентиновна', '1991-08-05 00:00:00', '+79020001122', 2),
       (32, 'Солдатова Лилия Анатольевна', '1988-09-12 00:00:00', '+79021112233', 1),
       (33, 'Мельникова Вероника Викторовна', '1995-10-21 00:00:00', '+79022223344', 3),
       (34, 'Беляев Артём Станиславович', '1990-11-30 00:00:00', '+79023334455', 2),
       (35, 'Матвеева Маргарита Сергеевна', '1989-12-10 00:00:00', '+79024445566', 1),
       (36, 'Давыдов Тимур Романович', '1992-01-20 00:00:00', '+79025556677', 3),
       (37, 'Калинина Елена Юрьевна', '1986-02-14 00:00:00', '+79026667788', 2),
       (38, 'Панфилова Виктория Алексеевна', '1994-03-05 00:00:00', '+79027778899', 1),
       (39, 'Шевченко Владислав Ильич', '1987-04-18 00:00:00', '+79028889900', 3),
       (40, 'Трофимова Олеся Вячеславовна', '1991-05-28 00:00:00', '+79029990011', 2);    

insert into Visits (VisitId, ClinicId, PatientId, DoctorId, VisitTimestamp, VisitDuration, VisitComment)
values (0, 0, 0, 0, '2023-05-25 15:00:00', '30 minute', '-'),
       (1, 1, 1, 5, '2023-05-25 17:00:00', '1 hour 30 minute', 'цистит'),
       (2, 2, 8, 2, '2023-05-26 11:00:00', '20 minute', 'не видит правый глаз'),
       (3, 3, 3, 4, '2023-05-29 10:00:00', '50 minute', 'большая родинка'),
       (4, 2, 5, 1, '2023-06-01 14:00:00', '2 hour', 'консультация + массаж');
       (5, 1, 2, 3, '2023-06-02 09:00:00', '45 minute', 'обострение аллергии'),
       (6, 2, 4, 2, '2023-06-03 10:30:00', '1 hour', 'проверка зрения'),
       (7, 3, 6, 1, '2023-06-04 11:15:00', '30 minute', 'профилактический осмотр'),
       (8, 1, 7, 5, '2023-06-05 12:00:00', '1 hour', 'боль в спине'),
       (9, 2, 8, 4, '2023-06-06 14:45:00', '50 minute', 'осмотр после операции'),
       (10, 3, 9, 3, '2023-06-07 16:00:00', '1 hour', 'консультация по питанию'),
       (11, 1, 10, 2, '2023-06-08 09:30:00', '30 minute', 'проверка слуха'),
       (12, 2, 11, 5, '2023-06-09 11:00:00', '1 hour', 'кожная сыпь'),
       (13, 3, 12, 1, '2023-06-10 13:15:00', '40 minute', 'боль в животе'),
       (14, 1, 13, 4, '2023-06-11 15:00:00', '30 minute', 'проверка давления'),
       (15, 2, 14, 3, '2023-06-12 10:00:00', '1 hour', 'посещение по направлению'),
       (16, 3, 15, 2, '2023-06-13 14:30:00', '50 minute', 'проверка на аллергию'),
       (17, 1, 16, 5, '2023-06-14 16:45:00', '30 minute', 'консультация по беременности'),
       (18, 2, 17, 4, '2023-06-15 09:00:00', '1 hour', 'осмотр суставов'),
       (19, 3, 18, 1, '2023-06-16 11:30:00', '45 minute', 'профилактика гриппа'),
       (20, 1, 19, 3, '2023-06-17 13:00:00', '30 minute', 'боль в колене'),
       (21, 2, 20, 2, '2023-06-18 14:15:00', '1 hour', 'проблемы с кожей'),
       (22, 3, 21, 5, '2023-06-19 16:00:00', '50 minute', 'осмотр у врача'),
       (23, 1, 22, 4, '2023-06-20 09:45:00', '30 minute', 'проверка уровня сахара'),
       (24, 2, 23, 3, '2023-06-21 11:00:00', '1 hour', 'вакцинация'),
       (25, 3, 24, 2, '2023-06-22 12:30:00', '40 minute', 'консультация по диете'),
       (26, 1, 25, 5, '2023-06-23 14:00:00', '30 minute', 'обследование сердца'),
       (27, 2, 26, 4, '2023-06-24 15:15:00', '1 hour', 'осмотр у стоматолога'),
       (28, 3, 27, 1, '2023-06-25 10:30:00', '50 minute', 'проблемы с дыханием'),
       (29, 1, 28, 3, '2023-06-26 12:45:00', '30 minute', 'осмотр после травмы'),
       (30, 2, 29, 2, '2023-06-27 14:00:00', '1 hour', 'консультация по неврологии'),
       (31, 3, 30, 5, '2023-06-28 16:15:00', '45 minute', 'проверка гормонов');
insert into Drugs (DrugName, DrugPrice)
values ('Ранитидин', 1345.41),
       ('Фамотидин', 768.89),
       ('Омепразол', 1111.55),
       ('Висмута трикалия дицитрат', 234.19),
       ('Платифиллин', 3456.89);

insert into Prescription (ValidityPeriod, StartTimestamp, DrugName, VisitId)
values ('7 day', '2023-05-25 15:00:00', 'Ранитидин', 0),
       ('21 day', '2023-05-25 17:00:00', 'Фамотидин', 1),
       ('3 day', '2023-05-26 11:00:00', 'Омепразол', 2),
       ('29 day', '2023-05-29 10:00:00', 'Платифиллин', 3),
       ('31 day', '2023-06-01 14:00:00', 'Висмута трикалия дицитрат', 4);
       ('10 day', '2023-06-02 15:00:00', 'Лоперамид', 5),
       ('14 day', '2023-06-03 10:00:00', 'Метоклопрамид', 6),
       ('5 day', '2023-06-04 11:30:00', 'Парацетамол', 7),
       ('15 day', '2023-06-05 12:45:00', 'Ибупрофен', 8),
       ('20 day', '2023-06-06 09:15:00', 'Амоксициллин', 9),
       ('25 day', '2023-06-07 14:30:00', 'Ципрофлоксацин', 10),
       ('30 day', '2023-06-08 16:00:00', 'Кларитромицин', 11),
       ('12 day', '2023-06-09 13:00:00', 'Дексаметазон', 12),
       ('18 day', '2023-06-10 10:15:00', 'Флуконазол', 13),
       ('22 day', '2023-06-11 11:45:00', 'Тетрациклин', 14),
       ('9 day', '2023-06-12 15:30:00', 'Сальбутамол', 15),
       ('28 day', '2023-06-13 14:00:00', 'Феназепам', 16),
       ('16 day', '2023-06-14 10:45:00', 'Кетопрофен', 17),
       ('6 day', '2023-06-15 09:30:00', 'Гидроксизин', 18),
       ('19 day', '2023-06-16 11:15:00', 'Лизиноприл', 19),
       ('8 day', '2023-06-17 12:00:00', 'Аторвастатин', 20),
       ('11 day', '2023-06-18 13:30:00', 'Рокситромицин', 21),
       ('24 day', '2023-06-19 14:15:00', 'Доксазозин', 22),
       ('27 day', '2023-06-20 15:45:00', 'Эналаприл', 23),
       ('4 day', '2023-06-21 16:30:00', 'Клонидин', 24),
       ('1 day', '2023-06-22 10:00:00', 'Нимесулид', 25),
       ('2 day', '2023-06-23 11:30:00', 'Диклофенак', 26),
       ('26 day', '2023-06-24 12:15:00', 'Триметоприм-сульфаметоксазол', 27),
       ('23 day', '2023-06-25 13:45:00', 'Сумамед', 28),
       ('17 day', '2023-06-26 14:30:00', 'Цетиризин', 29),
       ('13 day', '2023-06-27 15:15:00', 'Фенобарбитал', 30),
       ('29 day', '2023-06-28 16:00:00', 'Ацетилсалициловая кислота', 31),
       ('20 day', '2023-06-29 09:45:00', 'Пиридоксин (витамин B6)', 32),
       ('7 day', '2023-06-30 11:00:00', 'Кальция глюконат', 33),
       ('15 day', '2023-07-01 12:30:00', 'Витамин D3', 34),
       ('18 day', '2023-07-02 14:15:00', 'Магния сульфат', 35);